Designator,Footprint,Quantity,Value,LCSC Part #
"C1, C10, C104, C105, C107, C109, C110, C112, C113, C114, C14, C15, C16, C17, C2, C21, C22, C23, C24, C25, C26, C27, C28, C29, C3, C30, C32, C34, C35, C37, C4, C40, C41, C42, C44, C45, C46, C5, C6, C7, C8, C9",0201,42,100nF,
"C100, C38, C39",0201,3,10pF,
C101,0201,1,1.3pF,
"C102, C98",0402,2,27,
"C103, C106, C108, C111, C18, C19, C75, C82",0402,8,1uF,
"C11, C12",0402,2,470nF,
"C115, C31, C33, C61, C62, C71, C72",0402,7,100nF,
"C116, C117, C88",0201,3,100n,
"C13, C20, C36, C43, C47, C59, C60, C69, C70",0603,9,10uF,
C48,0402,1,47nF,
C49,0201,1,47pF,
C50,0603,1,2.2u,
"C51, C78, C80",0201,3,3.3pF,
C52,0201,1,5.6pF,
"C53, C54, C56, C57",0201,4,3.6pF,
C55,0201,1,39pF,
C58,0201,1,2.2pF,
"C63, C64, C73, C74",0402,4,3.3nF,
"C65, C66, C76, C85, C86, C87",0201,6,56pF,
"C67, C68, C81, C83",0805,4,22uF,
C77,0201,1,2.7pF,
C79,0201,1,1.5pF,
C84,0603,1,1u,
C89,0603,1,4.7uF,
C90,0402,1,10nF,
"C91, C95",0402,2,18,
C92,0402,1,1nF,
"C93, C96",0402,2,100n,
"C94, C97",0402,2,100pF,
C99,0201,1,DNP,
"D1, D2, D3, D4, D5, D6",0805,6,LED,
D7,D_SOD-323F,1,BAT54J,
FB1,0402,1,BLM15PG100SN1D,
"FL1, FL2, FL3",B39871B4377P810,3,B39871B4377P810,
"IC1, IC2",QFN50P400X400X100-25N-D,2,SX1250IMLTRT,
IC4,QFN35P700X700X80-69N-D,1,SX1302IMLTRT,
J1,TE_CONSMA020.062-G,1,Conn_Coaxial,
J2,PinHeader_1x03_P2.54mm_Vertical,1,Conn_01x03_Pin,
J3,RJ45_Hanrun_HR911105A_Horizontal,1,RJ45_Hanrun_HR911105A_Horizontal,
J5,USB_C_Receptacle_GCT_USB4105-xx-A_16P_TopMnt_Horizontal,1,USB_C_Receptacle_USB2.0_16P,
J6,PinHeader_1x07_P2.54mm_Vertical,1,Conn_01x07_Pin,
"L1, L2, R13",0402,3,NC,
"L10, L11, L13, L14",L_Coilcraft_XAL4020-XXX,4,2.2uH,
"L12, L15",0402,2,5.6nH,
L16,0402,1,1.2nH,
L17,1206,1,600Z,
L18,0402,1,6.8nH,
L19,0402,1,3nH,
L20,0402,1,7.5nH,
"L3, L4",0805,2,15uH,
L5,0402,1,47nH,
"L6, L9",0402,2,4.7nH,
"L7, L8",0402,2,12nH,
"R1, R2, R3",0402,3,0R,
"R10, R16, R9",0201,3,100kR,
R11,0201,1,75kR,
R12,0201,1,150kR,
R14,0402,1,100kR,
R15,0201,1,100k,
R17,0201,1,80.6kR,
R18,0201,1,220kR,
"R19, R20, R21",0201,3,1kR,
R22,0201,1,47k,
"R23, R24",0201,2,2k,
"R25, R26, R27, R28, R32, R35, R36, R38",0402,8,1k,
R29,0201,1,10M,
"R30, R31, R33, R34",0201,4,50,
"R37, R39, R62, R63, R64",0201,5,10K,
"R4, R5",0201,2,220R,
R40,0402,1,10R,
"R41, R42, R44",0201,3,47kR,
R43,0201,1,100R,
"R45, R46",0201,2,5.1kR,
"R47, R48, R49, R50, R51, R52, R53, R54, R55, R56, R57, R58",0201,12,0R,
"R59, R60",0201,2,4.7kR,
R6,0201,1,240,
R61,0201,1,22R,
"R7, R8",0201,2,12k,
SW1,KMR7_CNK,1,KMR731NG LFS,
U1,QFP40P1600X1600X160-129N,1,AllwinnerV3S,
U10,shield,1,BMI-S-205-C,
U11,SDTRUVAL_SDG02GWSIGA-CSNP2,1,SDG02GWSIGA-CSNP2,
U2,XCVR_L86M33,1,L86M33,
U3,VQFN-16-1EP_3x3mm_P0.5mm_EP1.68x1.68mm_ThermalVias,1,TPS62132,
"U4, U7",VQFN-16-1EP_3x3mm_P0.5mm_EP1.68x1.68mm_ThermalVias,2,TPS62130,
U5,Texas_DPY0002A_0.6x1mm_P0.65mm,1,ESD701DPYR,
U6,VQFN-16-1EP_3x3mm_P0.5mm_EP1.68x1.68mm_ThermalVias,1,TPS62131,
U8,SOT95P280X145-5N,1,TPS7A2033PDBVR,
U9,MCM16_3X3X0P75_SKY,1,SKY66420-11,
Y1,OSC_TX21-M010S-32.000-X-R,1,TX21-M010S-32.000-X-R,
Y2,ABS07,1,ABS07-32.768KHZ-7-T,
Y3,ABM810000MHZ12D2W,1,ABM8-24.000MHZ-B2-T,
