Designator,Mid X,Mid Y,Rotation,Layer
C1,59.11,-88.421,0.0,bottom
C10,54.44,-79.856,270.0,top
C100,103.91665,-71.2535,270.0,top
C101,101.81665,-73.156,90.0,top
C102,44.9675,-64.766,180.0,top
C103,71.1025,-76.77,0.0,bottom
C104,71.23,-75.84,0.0,bottom
C105,70.77,-80.5985,270.0,top
C106,68.9,-71.3,180.0,bottom
C107,68.9,-70.4,180.0,bottom
C108,73.44,-80.4385,90.0,top
C109,73.71,-69.086,270.0,top
C11,83.06,-65.7485,270.0,top
C110,72.5,-80.4685,90.0,top
C111,75.35,-80.4185,90.0,top
C112,75.47,-69.086,270.0,top
C113,74.42,-80.4285,90.0,top
C114,79.15,-72.936,180.0,top
C115,76.92,-75.426,180.0,bottom
C116,61.8,-51.015,90.0,top
C117,60.75,-51.045,90.0,top
C12,83.04,-75.1025,270.0,top
C13,57.88,-80.626,270.0,top
C14,59.11,-87.851,180.0,top
C15,56.205,-64.356,270.0,bottom
C16,47.1425,-63.0125,180.0,top
C17,62.08,-79.8585,270.0,top
C18,86.3525,-66.386,180.0,top
C19,86.2925,-75.745,180.0,top
C2,63.3,-71.3835,90.0,bottom
C20,68.18,-90.0285,270.0,top
C21,53.47,-60.1785,90.0,top
C22,51.77,-60.1785,90.0,top
C23,57.455,-60.186,90.0,top
C24,51.05,-76.82,270.0,bottom
C25,50.92,-60.1785,90.0,top
C26,55.335,-64.356,270.0,bottom
C27,99.55,-64.676,0.0,bottom
C28,53.49,-79.856,270.0,top
C29,47.1425,-63.91125,180.0,top
C3,50.9925,-65.346,180.0,bottom
C30,50.07,-60.1785,90.0,top
C31,80.7925,-69.66,0.0,top
C32,81.0525,-79.21,0.0,top
C33,89.86,-62.9285,270.0,top
C34,96.29,-65.416,180.0,top
C35,55.29,-79.856,270.0,top
C36,49.09,-62.42,90.0,bottom
C37,62.84,-68.666,0.0,bottom
C38,84.82,-65.966,90.0,top
C39,84.76,-75.3175,90.0,top
C4,62.84,-69.466,0.0,bottom
C40,62.95,-79.856,270.0,top
C41,102.31,-65.696,90.0,top
C42,62.84,-67.866,0.0,bottom
C43,62.01,-64.996,0.0,bottom
C44,97.6,-64.0185,90.0,bottom
C45,53.87,-64.2585,270.0,bottom
C46,52.62,-60.1785,90.0,top
C47,62.0025,-66.556,0.0,bottom
C48,88.65,-64.756,180.0,top
C49,88.4925,-65.7575,180.0,top
C5,59.14,-79.856,270.0,top
C50,48.7625,-77.77,0.0,bottom
C51,89.613554,-66.89,180.0,top
C52,91.373554,-67.4925,270.0,top
C53,88.8,-71.72,270.0,top
C54,90.01,-78.816,0.0,top
C55,92.761054,-67.9,180.0,top
C56,89.86,-76.665,225.0,top
C57,89.469378,-69.335824,135.0,top
C58,96.621054,-69.55,0.0,top
C59,52.78,-86.116,180.0,top
C6,23.4325,-87.576,90.0,top
C60,36.47,-86.206,180.0,top
C61,50.3,-86.6635,90.0,top
C62,33.5,-86.9035,90.0,top
C63,55.04,-86.746,270.0,top
C64,38.8,-87.536,180.0,top
C65,96.788146,-72.704146,135.0,top
C66,94.069991,-74.022317,135.0,top
C67,49.4,-89.876,270.0,top
C68,32.47,-90.626,270.0,top
C69,44.9475,-86.106,180.0,top
C7,64.77,-88.606,180.0,bottom
C70,27.36,-86.161,180.0,top
C71,42.46,-86.766,90.0,top
C72,24.48,-86.861,90.0,top
C73,47.19,-86.746,270.0,top
C74,29.8175,-87.501,180.0,top
C75,101.31,-63.081,270.0,top
C76,110.8925,-75.326,0.0,top
C77,109.56,-75.7285,270.0,top
C78,105.12335,-75.5525,90.0,top
C79,103.5025,-76.226,180.0,top
C8,47.1725,-75.186,180.0,top
C80,101.91,-75.7285,90.0,top
C81,41.52,-90.506,270.0,top
C82,101.31,-65.491,270.0,top
C83,23.48,-90.611,270.0,top
C84,53.525001,-83.295998,90.0,top
C85,95.93,-77.586,180.0,top
C86,98.29,-79.086,180.0,top
C87,97.43,-77.586,0.0,top
C88,51.4925,-63.726,180.0,bottom
C89,99.0875,-67.446,0.0,top
C9,47.1425,-64.81,180.0,top
C90,102.2225,-69.746,180.0,top
C91,42.54,-82.6575,270.0,top
C92,99.3725,-69.746,180.0,top
C93,41.09,-74.226,180.0,bottom
C94,99.3825,-68.736,180.0,top
C95,47.8625,-79.48,0.0,top
C96,33.35,-74.5485,90.0,bottom
C97,102.2225,-68.736,0.0,top
C98,41.65,-68.1985,90.0,top
D1,74.18,-91.7185,90.0,top
D2,72.5,-66.001,270.0,top
D3,74.99,-66.001,270.0,top
D4,77.48,-66.001,270.0,top
D5,77.47,-91.7185,90.0,top
D6,80.76,-91.7185,90.0,top
D7,69.18,-80.496,90.0,top
FB1,90.96,-62.9285,90.0,top
FL1,96.216554,-70.89,270.0,top
FL2,92.730614,-72.68294,135.0,top
FL3,100.88,-78.266,180.0,top
IC1,84.7,-69.8,270.0,top
IC2,84.7,-79.052,270.0,top
IC4,74.07,-74.376,0.0,top
J1,118.4,-75.39,90.0,top
J2,71.83,-45.431,90.0,top
J3,32.09,-74.866,270.0,top
J5,61.95,-93.121,0.0,top
J6,54.61,-45.44,270.0,top
L1,82.02,-65.7385,90.0,top
L10,52.94,-93.931,270.0,top
L11,36.08,-93.971,270.0,top
L12,107.9525,-75.326,0.0,top
L13,45.08,-93.936,270.0,top
L14,27.09,-93.971,270.0,top
L15,103.5025,-75.316,0.0,top
L16,98.62,-71.466,90.0,top
L17,30.22,-76.116,0.0,bottom
L18,100.31,-71.466,90.0,top
L19,102.34415,-71.676,0.0,top
L2,82.01,-75.0975,90.0,top
L20,103.33665,-73.566,180.0,top
L3,80.5825,-67.065,270.0,top
L4,80.6,-76.82,270.0,top
L5,88.09,-67.3275,90.0,top
L6,89.773554,-67.9,0.0,top
L7,88.08,-69.62,90.0,top
L8,88.5075,-78.2395,90.0,top
L9,94.873554,-68.304819,315.0,top
R1,86.38,-65.326,0.0,top
R10,38.6925,-90.976,180.0,top
R11,39.43,-89.586,270.0,top
R12,38.57,-89.5785,90.0,top
R13,96.7,-63.821,90.0,top
R14,98.6575,-61.711,0.0,top
R15,47.48,-90.176,270.0,top
R16,29.74,-90.951,180.0,top
R17,30.34,-89.551,270.0,top
R18,29.48,-89.551,90.0,top
R19,96.25,-78.741,90.0,top
R2,86.3175,-74.705,0.0,top
R20,98.61,-80.246,90.0,top
R21,97.11,-78.741,90.0,top
R22,53.677501,-81.305998,180.0,top
R23,51.445,-66.6635,90.0,bottom
R24,50.605,-66.6635,270.0,bottom
R25,25.7875,-84.066,180.0,top
R26,25.76,-65.36,180.0,top
R27,74.18,-94.8135,90.0,top
R28,72.5,-62.926118,270.0,top
R29,45.7625,-79.486,180.0,top
R3,86.005,-62.896,270.0,top
R30,33.37,-72.4285,270.0,bottom
R31,34.44,-72.8135,270.0,bottom
R32,74.99,-62.926118,270.0,top
R33,34.85,-74.336,0.0,bottom
R34,33.7575,-76.116,0.0,bottom
R35,77.48,-62.926118,270.0,top
R36,77.47,-94.841,90.0,top
R37,50.18,-53.11,0.0,top
R38,80.76,-94.8185,90.0,top
R39,50.18,-52.29,0.0,top
R4,84.82,-64.076,90.0,top
R40,71.37,-82.086,180.0,top
R41,71.56,-80.5985,90.0,top
R42,68.9875,-75.046,180.0,top
R43,68.8,-71.7,180.0,top
R44,70.4,-70.5,90.0,bottom
R45,59.12,-87.05,180.0,top
R46,63.7,-87.291,90.0,top
R47,87.79,-80.3135,90.0,top
R48,83.2,-82.126,0.0,top
R49,83.95,-65.956,90.0,top
R5,85.17,-73.796,0.0,top
R50,80.95,-70.55,180.0,top
R51,80.96,-71.35,180.0,top
R52,80.9625,-72.14,180.0,top
R53,82.9475,-72.916,180.0,top
R54,87.95,-71.7275,270.0,top
R55,83.95,-75.3175,90.0,top
R56,81.0625,-79.99,180.0,top
R57,81.0625,-80.77,180.0,top
R58,81.06,-81.56,180.0,top
R59,77.049722,-69.1,90.0,top
R6,51.9675,-67.996,0.0,bottom
R60,77.8775,-69.1,90.0,top
R61,50.18,-53.96,0.0,top
R62,61.43,-55.17,0.0,top
R63,61.43,-53.9,0.0,top
R64,61.43,-52.67,0.0,top
R7,51.015,-74.636,0.0,bottom
R8,50.79,-75.446,0.0,bottom
R9,55.31,-90.186,270.0,top
SW1,50.895,-82.016,270.0,top
U1,56.88,-70.046,180.0,top
U10,86.0,-72.7,0.0,top
U11,55.505,-53.265,0.0,top
U2,29.39,-52.856,270.0,top
U3,52.69,-89.126,90.0,top
U4,35.8325,-89.2385,90.0,top
U5,112.31,-75.676,90.0,top
U6,44.83,-89.116,90.0,top
U7,26.84,-89.211,90.0,top
U8,99.01,-64.481,270.0,top
U9,99.565,-74.575,0.0,top
Y1,87.945,-63.006,180.0,top
Y2,46.045,-82.086,0.0,top
Y3,45.085,-67.8375,0.0,top
